名前,UID,データ更新日時,ローマ字,誕生日,特殊誕生日,特殊誕生日（英語）,活動開始日時,初配信日時,YouTube,X,補足,補足（英語）,卒業
にじさんじ,26e363dd-f62f-4586-967c-e47469de2b7b, 2025/03/04 03:42:25,Nijisanji,2/3,記念日,Nijisanji Day, 2018/01/10 15:44 , 2018/01/10 15:44 ,https://www.youtube.com/channel/UCX7YkU9nEeaoZbkVLVajcMg,https://twitter.com/nijisanji_app,,,
月ノ美兎,5f855e01-bb70-417e-b52f-219c687a2723, 2025/03/04 03:42:26,Tsukino Mito,9/24,,, 2018/02/01 07:03 , 2018/02/08 00:00 ,https://www.youtube.com/channel/UCD-miitqNY3nyukJ4Fnf4_A,https://twitter.com/MitoTsukino,,,
勇気ちひろ,8d0a6fe0-22c7-4436-b7e0-0bdc053dd1f0, 2025/03/04 03:42:27,Yuki Chihiro,7/16,,, 2018/02/01 11:07 , 2018/02/09 00:00 ,https://www.youtube.com/@YukiChihiro,https://twitter.com/Chihiro_yuki23,,,2024/01/31
える,c65f87f4-ce7e-456b-b229-dce513d0406d, 2025/03/04 03:42:28,Elu,1/24,,, 2018/02/01 21:51 , 2018/02/09 00:00 ,https://www.youtube.com/channel/UCYKP16oMX9KKPbrNgo_Kgag,https://twitter.com/elu_world,,,
樋口楓,6be673d7-238f-426a-8712-9bffe67c49f3, 2025/03/04 03:42:29,Higuchi Kaede,2/9,記念日,Memorial Day, 2018/01/31 23:28 , 2018/02/09 00:00 ,https://www.youtube.com/channel/UCsg-YqdqQ-KFF0LNk23BY4A,https://twitter.com/Higuchikaede,,,
静凛,86f18697-5d31-4acf-980b-a0ab66090b91, 2025/03/04 03:42:30,Shizuka Rin,8/28,,, 2018/02/01 14:02 , 2018/02/08 00:00 ,https://www.youtube.com/channel/UC6oDys1BGgBsIC3WhG1BovQ,https://twitter.com/ShizuRin23,,,
渋谷ハジメ,c605ff95-bf72-4954-90ea-9a41383515ad, 2025/03/04 03:42:31,Shibuya Hajime,5/5,,, 2018/01/31 22:52 , 2018/02/08 00:00 ,https://www.youtube.com/channel/UCeK9HFcRZoTrvqcUCtccMoQ,https://twitter.com/sibuya_hajime,,,
鈴谷アキ,f353c6d0-266e-4525-aea3-01c18cee9bf2, 2025/03/04 03:42:33,Suzuya Aki,11/28,,, 2018/01/31 22:38 , 2018/02/08 00:00 ,https://www.youtube.com/channel/UCpnvhOIJ6BN-vPkYU9ls-Eg,https://twitter.com/aki_suzuya,,,2024/08/31
モイラ,a8610b25-303a-4149-bc17-6005aea7d653, 2025/03/04 03:42:34,Moira,2/10,,, 2018/01/31 19:43 , 2018/02/09 00:00 ,https://www.youtube.com/channel/UCvmppcdYf4HOv-tFQhHHJMA,https://twitter.com/moiramoimoimoi,,,
鈴鹿詩子,861f818c-f47c-493d-8da7-78a84ffaf97d, 2025/03/04 09:44:17,Suzuka Utako,2/24,,, 2018/03/07 22:46 , 2018/03/13 00:00 ,https://www.youtube.com/channel/UCwokZsOK_uEre70XayaFnzA,https://twitter.com/suzukautako,,,2024/06/12
宇志海いちご,0c8aae2e-dde3-496c-99b3-c4da2472c662, 2025/03/04 03:42:37,Ushimi Ichigo,4/15,,, 2018/03/07 19:01 , 2018/03/13 00:00 ,https://www.youtube.com/channel/UCmUjjW5zF1MMOhYUwwwQv9Q,https://twitter.com/ushimi_ichigo,,,
家長むぎ,9eb77ba1-c3c1-4aed-b275-defe457241ad, 2025/03/04 03:42:38,Ienaga Mugi,11/7,,, 2018/03/05 21:42 , 2018/03/12 00:00 ,https://www.youtube.com/channel/UC_GCs6GARLxEHxy1w40d6VQ,https://twitter.com/ienaga_mugi23,,,
夕陽リリ,ac155015-a354-4930-9d2a-17a013cfa0df, 2025/03/04 03:42:38,Yuhi Riri,1/21,,, 2018/03/05 22:53 , 2018/03/17 00:00 ,https://www.youtube.com/channel/UC48jH1ul-6HOrcSSfoR02fQ,https://twitter.com/yuuhi_riri,,,
物述有栖,6d5014c8-619b-4bf2-a94f-bfdbb9bfdcd1, 2025/03/04 03:42:39,Mononobe Alice,11/16,,, 2018/03/06 17:09 , 2018/03/14 00:00 ,https://www.youtube.com/channel/UCt0clH12Xk1-Ej5PXKGfdPA,https://twitter.com/alicemononobe,,,
文野環,7f0d2061-5553-45ad-bca6-62a7883934c1, 2025/03/04 03:42:40,Fumino Tamaki,3/15,記念日,Memorial Day, 2018/03/09 11:13 , 2018/03/15 00:00 ,https://www.youtube.com/channel/UCBiqkFJljoxAj10SoP2w2Cg,https://twitter.com/nekokan_chu,,,
伏見ガク,91b26b30-6431-45eb-817d-0e479efe0a0f, 2025/03/04 03:42:41,Fushimi Gaku,10/5,,, 2018/03/06 01:54 , 2018/03/13 00:00 ,https://www.youtube.com/channel/UCXU7YYxy_iQd3ulXyO-zC2w,https://twitter.com/gaku_fushimi,,,
ギルザレンIII世,7ad61fa5-6371-42e3-bcdf-5bf02ce05362, 2025/03/04 03:42:42,Gilzaren III,6/6,,, 2018/03/08 01:39 , 2018/03/12 00:00 ,https://www.youtube.com/channel/UCUzJ90o1EjqUbk2pBAy0_aw,https://twitter.com/gilzaren_iii,,,
剣持刀也,3b4fb849-4e76-4653-a35e-2df0d80f0497, 2025/03/04 03:42:43,Kenmochi Toya,8/22,,, 2018/03/06 03:08 , 2018/03/14 00:00 ,https://www.youtube.com/channel/UCv1fFr156jc65EMiLbaLImw,https://twitter.com/rei_Toya_rei,,,
森中花咲,5da16f40-1f08-4f89-81bb-1341ce617be4, 2025/03/04 03:42:44,Morinaka Kazaki,5/23,,, 2018/03/15 10:43 , 2018/03/15 00:00 ,https://www.youtube.com/channel/UCtpB6Bvhs1Um93ziEDACQ8g,https://twitter.com/kazakimorinaka,,,
叶,b6bb25f7-12cd-44e5-868a-a77464ec800f, 2025/03/04 03:42:46,Kanae,7/7,,, 2018/05/02 11:00 , 2018/05/12 00:00 ,https://www.youtube.com/channel/UCspv01oxUFf_MTSipURRhkA,https://twitter.com/kanae_2434,,,
赤羽葉子,bb3c7cd8-caac-4f9f-9e3a-138b1e8c5589, 2025/03/04 03:42:46,Akabane Youko,4/5,,, 2018/05/02 18:00 , 2018/05/25 00:00 ,https://www.youtube.com/channel/UCBi8YaVyZpiKWN3_Z0dCTfQ,https://twitter.com/youko_akabane,,,
笹木咲,b5cd8b63-e940-432a-aebc-5884e3320373, 2025/03/04 03:42:47,Sasaki Saku,11/11,,, 2018/07/06 16:16 , 2018/07/12 00:00 ,https://www.youtube.com/channel/UCoztvTULBYd3WmStqYeoHcA,https://twitter.com/saku_sasaki,,,
闇夜乃モルル,7d9fa191-9b8d-47a4-89da-8214dd1b5909, 2025/03/04 03:42:48,Yamiyono Moruru,7/11,,, 2018/07/06 22:45 , 2018/07/12 00:00 ,https://www.youtube.com/channel/UCNUgrFCo2Hr_VXc9bEwjcHQ,https://twitter.com/_rnrrdark,,,2019/06/27
本間ひまわり,52ed0705-f9e0-4c15-a8bf-6c5729ffe982, 2025/03/04 03:42:49,Honma Himawari,8/10,,, 2018/07/06 16:23 , 2018/07/11 00:00 ,https://www.youtube.com/channel/UC0g1AE0DOjBYnLhkgoRWN1w,https://twitter.com/honmahimawari,,,
魔界ノりりむ,f897679d-ed64-4a0b-a09b-3caf39d9697a, 2025/03/04 03:42:57,Makaino Ririmu,1/15,,, 2018/07/30 13:08 , 2018/08/04 00:00 ,https://www.youtube.com/channel/UC9EjSJ8pvxtvPdxLOElv73w,https://twitter.com/makaino_ririmu,,,
葛葉,31aa1280-3197-42b6-8492-365147f0d852, 2025/03/04 03:42:58,Kuzuha,11/10,,, 2018/07/30 12:04 , 2018/07/30 00:00 ,https://www.youtube.com/channel/UCSFCh5NL4qXrAy9u-u2lX3g,https://twitter.com/vamp_kuzu,,,
雪汝,c57415fd-77bf-43e5-9023-bf05320b53e2, 2025/03/04 03:43:00,Setsuna,12/23,,, 2018/07/30 21:06 , 2018/08/30 00:00 ,https://www.youtube.com/channel/UCfM_A7lE6LkGrzx6_mOtI4g,https://twitter.com/setsuna2434,,,2019/10/30
椎名唯華,dfe657f9-4afd-4486-aacd-4d1e81d2435e, 2025/03/04 03:43:01,Shiina Yuika,4/17,,, 2018/07/30 21:35 , 2018/08/02 00:00 ,https://www.youtube.com/channel/UC_4tXjqecqox5Uc05ncxpxg,https://twitter.com/yuika_siina,,,
ドーラ,3677a936-8aad-4d95-a996-862e9b9841ca, 2025/03/04 03:43:02,Dola,8/19,,, 2018/06/03 14:31 , 2018/06/09 00:00 ,https://www.youtube.com/channel/UC53UDnhAAYwvNO7j_2Ju1cQ,https://twitter.com/___dola,,,
海夜叉神,a329fb0e-c71e-4a42-9a62-9c16bccf4152, 2025/03/04 03:43:03,Umiyashanokami,6/4,,, 2018/06/03 12:06 , 2018/06/07 00:00 ,https://www.youtube.com/channel/UCqEp6RdtsMbUNrCdCswr6pA,https://twitter.com/god_yaksa23,,,2019/04/09
名伽尾アズマ,03b9b6d5-19fc-4a9e-bf16-732064353ae9, 2025/03/04 03:43:04,Nakao Azuma,8/22,,, 2018/06/03 12:46 , 2018/06/05 00:00 ,https://www.youtube.com/channel/UCks41vQN-hN-1KHmpZyPY3A,https://twitter.com/azuma_dazo,,,2019/05/31
出雲霞,7a07f6f5-cb5d-48ce-bb56-55516a0fdcd6, 2025/03/04 03:43:05,Izumo Kasumi,10/13,,, 2018/06/03 12:59 , 2018/06/05 00:00 ,https://www.youtube.com/channel/UCLpYMk5h1bq8_GAFVBgXhPQ,https://twitter.com/ikasumi_zzz,,,2020/10/31
轟京子,7312e7f4-6a87-4412-83c1-72cb5726372f, 2025/03/04 03:43:06,Todoroki Kyoko,12/22,,, 2018/06/03 16:05 , 2018/06/06 00:00 ,https://www.youtube.com/channel/UCRV9d6YCYIMUszK-83TwxVA,https://twitter.com/kt_seeds,,,
シスター・クレア,50f8b99d-1234-47c9-9242-24c72becd688, 2025/03/04 03:43:07,Sister Claire,10/4,,, 2018/06/03 15:00 , 2018/06/05 00:00 ,https://www.youtube.com/channel/UC1zFJrfEKvCixhsjNSb1toQ,https://twitter.com/sistercleaire,,,
花畑チャイカ,e419468f-f8bc-479c-9257-e45093507afe, 2025/03/04 03:43:10,Hanabatake Chaika,6/27,,, 2018/06/03 13:26 , 2018/06/07 00:00 ,https://www.youtube.com/channel/UCsFn_ueskBkMCEyzCEqAOvg,https://twitter.com/zulmihp1nlmot5y,,,
社築,07d4aa07-399f-4e91-afe2-7a6f3cd6277f, 2025/03/04 03:43:09,Yashiro Kizuku,11/23,,, 2018/06/03 19:22 , 2018/06/05 00:00 ,https://www.youtube.com/channel/UCKMYISTJAQ8xTplUPHiABlA,https://twitter.com/846kizuq,,,
安土桃,deda1edf-50dd-4d1e-b36e-3918cf1dd07e, 2025/03/04 03:43:11,Azuchi Momo,3/3,,, 2018/06/03 15:53 , 2018/06/16 00:00 ,https://www.youtube.com/@AzuchiMomo,https://twitter.com/momo_azuchi_,,,2024/01/31
鈴木勝,f2179a03-1adf-49f5-8523-02b247d2779c, 2025/03/04 03:43:12,Suzuki Masaru,8/9,,, 2018/06/03 16:34 , 2018/06/09 00:00 ,https://www.youtube.com/channel/UCryOPk2GZ1meIDt53tL30Tw,https://twitter.com/darkness_eater,,,
緑仙,ab02fcf4-fbdd-43f7-8aa0-b4cde5855de1, 2025/03/04 03:43:13,Ryushen,4/16,,, 2018/06/03 15:01 , 2018/06/08 00:00 ,https://www.youtube.com/channel/UCt5-0i4AVHXaWJrL8Wql3mw,https://twitter.com/midori_2434,,,
卯月コウ,dbadd646-fb83-4eed-b5a1-fa8ec5d459b1, 2025/03/04 03:43:14,Uzuki Kou,2/2,,, 2018/06/03 16:48 , 2018/06/06 00:00 ,https://www.youtube.com/channel/UC3lNFeJiTq6L3UWoz4g1e-A,https://twitter.com/udukikohh,,,
八朔ゆず,8a33ab1d-392b-47a4-ac2c-a02d0abd6e09, 2025/03/04 03:26:29,Hassaku Yuzu,9/4,,, 2018/06/03 18:01 , 2018/06/06 00:00 ,https://www.youtube.com/channel/UCFaDvgez8USXHiKidt0NtZg,https://twitter.com/839yuzu,,,2019/05/07
神田笑一,a750568e-6b6a-452d-ba09-f9f2f2cbca6b, 2025/03/04 03:26:30,Kanda Shoichi,3/5,,, 2018/08/09 16:12 , 2018/08/14 00:00 ,https://www.youtube.com/channel/UCWz0CSYCxf4MhRKPDm220AQ,https://twitter.com/kanda_shoichi,,,
鳴門こがね,d5cc43d8-6f0e-4eeb-8004-91de8f43f1fa, 2025/03/04 03:27:07,Naruto Kogane,,秘密,, 2018/08/09 16:11 , 2018/08/15 00:00 ,https://www.youtube.com/channel/UCF1JdALrXgub24weQpqDy9Q,https://twitter.com/nArUtO_kOgAnE,,,2018/12/31
飛鳥ひな,77eea7b1-64bc-4746-acd3-5d20dce1c9b8, 2025/03/04 03:27:09,Asuka Hina,3/3,,, 2018/08/09 16:14 , 2018/08/22 00:00 ,https://www.youtube.com/channel/UCiSRx1a2k-0tOg-fs6gAolQ,https://twitter.com/hina__asuka,,,
春崎エアル,2e14f74f-b9d6-4318-8e40-c2c1057b9830, 2025/03/04 03:27:10,Harusaki Air,4/3,,, 2018/06/08 18:33 , 2018/06/10 00:00 ,https://www.youtube.com/channel/UCtAvQ5U0aXyKwm2i4GqFgJg,https://twitter.com/harusakiair2434,,,
雨森小夜,db582e84-4873-4e35-87d4-47c12d181fc1, 2025/03/04 03:27:12,Amemori Sayo,6/11,,, 2018/08/09 19:38 , 2018/08/29 00:00 ,https://www.youtube.com/channel/UCRWOdwLRsenx2jLaiCAIU4A,https://twitter.com/sayo_amemori,,,
鷹宮リオン,deee42f6-7dfb-45f6-a956-0305ef7e6f96, 2025/03/04 03:27:13,Takamiya Rion,1/7,,, 2018/08/09 16:09 , 2018/08/15 00:00 ,https://www.youtube.com/channel/UCV5ZZlLjk5MKGg3L0n0vbzw,https://twitter.com/takamiyarion,,,
舞元啓介,0e164559-ff24-420e-80e5-524838ed5231, 2025/03/04 03:27:15,Maimoto Keisuke,11/9,,, 2018/08/09 16:11 , 2018/08/13 00:00 ,https://www.youtube.com/channel/UCJubINhCcFXlsBwnHp0wl_g,https://twitter.com/maimoto_k,,,
竜胆尊,75a4746e-b6db-4c7d-bfc6-d8ed9d78f9d3, 2025/03/04 03:27:16,Rindou Mikoto,10/20,,, 2018/08/31 16:00 , 2018/09/08 00:00 ,https://www.youtube.com/channel/UCPvGypSgfDkVe7JG2KygK7A,https://twitter.com/rindoumikoto,,,
でびでび・でびる,e83b5dc8-13b8-4f91-8ad6-b76caddf668e, 2025/03/04 03:27:17,Debidebi Debiru,12/18,,, 2018/08/31 16:00 , 2018/09/04 00:00 ,https://www.youtube.com/channel/UCjlmCrq4TP1I4xguOtJ-31w,https://twitter.com/debidebiru_sama,,,
桜凛月,dfe8f2d8-0fef-4d3c-bc9b-265d35cf73d5, 2025/03/04 03:27:19,Sakura Ritsuki,4/1,,, 2018/08/31 16:03 , 2018/09/03 00:00 ,https://www.youtube.com/channel/UCfQVs_KuXeNAlGa3fb8rlnQ,https://twitter.com/sakura_ritsuki,,,
町田ちま,65ac2df8-8344-446b-ae51-fb87ba0cdb57, 2025/03/04 03:27:20,Machita Chima,8/5,,, 2018/08/31 19:24 , 2018/09/03 00:00 ,https://www.youtube.com/channel/UCo7TRj3cS-f_1D9ZDmuTsjw,https://twitter.com/chima_machita23,,,
月見しずく,da044c51-5ba0-443b-bf9a-5d3140ec1ac0, 2025/03/04 03:27:22,Tsukimi Shizuku,8/15,,, 2018/08/31 18:23 , 2018/09/08 00:00 ,https://www.youtube.com/channel/UCqQV8xEBWd5SVZBLlYrS_5Q,https://twitter.com/tukimi_sizuku,,,2020/01/13
ジョー・力一,1b8b3db9-9e6e-434b-83a5-8a6c58a96143, 2025/03/04 03:27:23,Joe Rikiichi,10/1,,, 2018/08/31 18:15 , 2018/09/09 00:00 ,https://www.youtube.com/channel/UChUJbHiTVeGrSkTdBzVfNCQ,https://twitter.com/joerikiichi,,,
遠北千南,170898f9-c64c-481e-a658-f7b52b11d9da, 2025/03/04 03:27:26,Achikita Chinami,10/30,,, 2018/08/31 16:00 , 2018/09/05 00:00 ,https://www.youtube.com/channel/UCuz0vzQgC8LRdS6lVV0UkUg,https://twitter.com/ac1kt,,,2020/03/31
成瀬鳴,1998e5b1-9a2e-4540-8380-601ac2430d30, 2025/03/04 03:27:41,Naruse Naru,6/8,,, 2018/06/08 18:42 , 2018/06/09 00:00 ,https://www.youtube.com/channel/UCoM_XmK45j504hfUWvN06Qg,https://twitter.com/narusenaru_2434,,,2024/08/31
ベルモンド・バンデラス,095a155b-6454-4331-b440-4710354c2ef8, 2025/03/04 03:27:43,Belmond Banderas,11/3,,, 2018/09/25 16:02 , 2018/09/30 00:00 ,https://www.youtube.com/channel/UCbc8fwhdUNlqi-J99ISYu4A,https://twitter.com/belmond_b_2434,,,
矢車りね,3eaa8b90-3fe7-4eda-aa5a-102eafce921b, 2025/03/04 03:27:44,Yaguruma Rine,8/2,,, 2018/09/25 18:33 , 2018/09/28 00:00 ,https://www.youtube.com/channel/UCvzVB-EYuHFXHZrObB8a_Og,https://twitter.com/rine_yaguruma,,,
夢追翔,cb1f76bb-bf94-45d9-81a7-fa2c62f96eb8, 2025/03/04 03:27:45,Yumeoi Kakeru,6/28,,, 2018/09/25 16:00 , 2018/10/01 00:00 ,https://www.youtube.com/channel/UCTIE7LM5X15NVugV7Krp9Hw,https://twitter.com/kakeru_yumeoi,,,
黒井しば,096dfe06-ff7e-41c7-bac4-5acb934525cc, 2025/03/04 03:27:46,Kuroi Shiba,1/11,,, 2018/09/25 16:03 , 2018/09/28 00:00 ,https://www.youtube.com/channel/UCmeyo5pRj_6PXG-CsGUuWWg,https://twitter.com/blackshiba_chan,,,
童田明治,9377734b-8c37-43e1-9fdf-abd5dfce447f, 2025/03/03 22:42:59,Warabeda Meiji,5/4,,, 2019/01/08 16:02 , 2019/01/10 00:00 ,https://www.youtube.com/channel/UCveZ9Ic1VtcXbsyaBgxPMvg,,,,2022/04/30
久遠千歳,82b63c70-58f8-4888-b0f4-37058fc91bbe, 2025/03/04 03:27:49,Kudou Chitose,3/4,,, 2019/01/08 16:03 , 2019/01/10 00:00 ,https://www.youtube.com/channel/UCP2o-o6u4uX3uq1hXspl0rg,https://twitter.com/kudou_chitose,,,2019/08/31
郡道美玲,4f827fbc-360b-4afc-94e8-83d60103c4c5, 2025/03/04 03:28:07,Gundo Mirei,6/14,,, 2019/01/18 16:04 , 2019/01/20 00:00 ,https://www.youtube.com/channel/UCeShTCVgZyq2lsBW9QwIJcw,https://twitter.com/g9v9g_mirei,,,2023/06/21
夢月ロア,c1e24dc1-0913-4704-aa35-8c02d61f8c13, 2025/03/04 03:27:56,Yuzuki Roa,7/4,,, 2019/01/18 16:30 , 2019/01/20 00:00 ,https://www.youtube.com/channel/UCCVwhI5trmaSxfcze_Ovzfw,https://twitter.com/yuzuki_roa,,,
小野町春香,fc4d2986-c09f-450f-8c96-7ed99877947f, 2025/03/04 03:28:12,Onomachi Haruka,4/8,,, 2019/01/28 19:16 , 2019/01/30 00:00 ,https://www.youtube.com/channel/UCg63a3lk6PNeWhVvMRM_mrQ,https://twitter.com/onomachi_haruka,,,
語部紡,9171372c-c5ab-48e3-bcb1-17274e012a26, 2025/03/04 03:28:16,Kataribe Tsumugu,8/15,,, 2019/01/28 19:02 , 2019/01/30 00:00 ,https://www.youtube.com/channel/UCufQu4q65z63IgE4cfKs1BQ,https://twitter.com/KataribeTsumugu,,,
瀬戸美夜子,2caa2639-62e3-45a9-a1e3-0c476060e2e3, 2025/03/04 09:44:38,Seto Miyako,8/3,,, 2019/01/28 19:02 , 2019/01/30 00:00 ,https://www.youtube.com/channel/UCHK5wkevfaGrPr7j3g56Jmw,https://twitter.com/seto_miyako,,,2025/03/04
御伽原江良,ebfa0b70-0726-412d-a5fe-4b24b0c96894, 2025/03/03 22:45:01,Otogibara Era,7/28,,, 2019/03/08 16:01 , 2019/03/10 00:00 ,https://www.youtube.com/channel/UCwQ9Uv-m8xkE5PzRc7Bqx3Q,,,,2021/03/10
戌亥とこ,87a7e5bc-2707-47cb-9060-771f7a69e97d, 2025/03/04 03:28:21,Inui Toko,9/9,,, 2019/03/22 16:02 , 2019/03/23 00:00 ,https://www.youtube.com/channel/UCXRlIK3Cw_TJIQC5kSJJQMg,https://twitter.com/inui_toko,,,
アンジュ・カトリーナ,a5189628-c30e-4d74-a05f-330a8c0631a3, 2025/03/04 03:28:20,Ange Katrina,9/30,,, 2019/03/22 16:00 , 2019/03/23 00:00 ,https://www.youtube.com/channel/UCHVXbQzkl3rDfsXWo8xi2qw,https://twitter.com/ange_katrina_,,,
リゼ・ヘルエスタ,370883b8-5073-4fd2-a163-782da5c21672, 2025/03/04 03:28:22,Lize Helesta,5/25,,, 2019/03/22 16:00 , 2019/03/23 00:00 ,https://www.youtube.com/channel/UCZ1xuCK1kNmn5RzPYIZop3w,https://twitter.com/Lize_Helesta,,,
三枝明那,f37571c5-553c-4553-a090-f109e069c3ee, 2025/03/04 03:28:24,Saegusa Akina,9/1,,, 2019/04/02 16:07 , 2019/04/07 00:00 ,https://www.youtube.com/channel/UCNW1Ex0r6HsWRD4LCtPwvoQ,https://twitter.com/333akina,,,
愛園愛美,2c9edd0d-4af3-42e5-9d4a-44c4436629f3, 2025/03/04 03:28:26,Aizono Manami,11/8,,, 2019/04/02 16:01 , 2019/04/07 00:00 ,https://www.youtube.com/channel/UC0WwEfE-jOM2rzjpdfhTzZA,https://twitter.com/manami_aizono,,,
鈴原るる,d73efa92-ff09-406f-af0e-30de30e93457, 2025/03/04 03:28:27,Suzuhara LuLu,6/24,,, 2019/04/29 16:08 , 2019/05/01 00:00 ,https://www.youtube.com/channel/UC_a1ZYZ8ZTXpjg9xUY9sj8w,https://twitter.com/lulu_suzuhara,,,2021/06/30
雪城眞尋,fa109de1-d8dd-4f9f-a3f9-fd8db4ee5211, 2025/03/04 03:28:32,Yukishiro Mahiro,9/26,,, 2019/04/29 16:07 , 2019/05/01 00:00 ,https://www.youtube.com/channel/UCHX7YpFG8rVwhsHCx34xt7w,https://twitter.com/mahiroyukishiro,,,
エクス・アルビオ,9d94d192-a73e-45fd-89f8-2b2ef2ee77e4, 2025/03/04 03:28:30,Ex Albio,8/1,,, 2019/05/17 16:00 , 2019/05/21 00:00 ,https://www.youtube.com/channel/UCIytNcoz4pWzXfLda0DoULQ,https://twitter.com/ex_albio,,,
レヴィ・エリファ,641a5487-61da-4e5a-b278-bff617d1ef7b, 2025/03/04 03:28:31,Levi Elipha,8/18,,, 2019/05/17 16:00 , 2019/05/21 00:00 ,https://www.youtube.com/channel/UCtnO2N4kPTXmyvedjGWdx3Q,https://twitter.com/Levi_E_2434,,,
葉山舞鈴,8623c4b6-780a-4333-9a34-270971a1eab7, 2025/03/04 03:28:35,Hayama Marin,3/24,,, 2019/06/19 16:13 , 2019/06/25 00:00 ,https://www.youtube.com/channel/UCfipDDn7wY-C-SoUChgxCQQ,https://twitter.com/Hayama_Marin,,,
ニュイ・ソシエール,f05863c2-7133-4b1c-ac82-6fe4f5e23f2e, 2025/03/04 03:28:36,Nui Sociere,10/31,,, 2019/06/19 16:05 , 2019/06/25 00:00 ,https://www.youtube.com/channel/UCUc8GZfFxtmk7ZwSO7ccQ0g,https://twitter.com/Nui_Sociere,,,
葉加瀬冬雪,27d21651-7e10-4743-9334-634c5ce1d11f, 2025/03/04 03:28:37,Hakase Fuyuki,2/19,,, 2019/07/03 16:00 , 2019/07/06 00:00 ,https://www.youtube.com/channel/UCGYAYLDE7TZiiC8U6teciDQ,https://twitter.com/hakase_fuyuki,,,
加賀美ハヤト,7436803f-8b66-4fa8-bb91-a598ea888b7f, 2025/03/04 03:28:38,Kagami Hayato,12/2,,, 2019/07/03 16:20 , 2019/07/06 00:00 ,https://www.youtube.com/channel/UCmovZ2th3Sqpd00F5RdeigQ,https://twitter.com/H_KAGAMI2434,,,
夜見れな,c671e45a-1324-4da9-a953-19791cbc4df5, 2025/03/04 03:28:38,Yorumi Rena,2/27,,, 2019/07/03 16:10 , 2019/07/06 00:00 ,https://www.youtube.com/channel/UCL34fAoFim9oHLbVzMKFavQ,https://twitter.com/rena_yorumi,,,
黛灰,e5ee2082-9ad5-44d1-8d2a-8339df8188b6, 2025/03/04 03:28:50,Mayuzumi Kai,9/28,,, 2019/07/24 17:00 , 2019/07/28 00:00 ,https://www.youtube.com/c/MayuzumiX,https://twitter.com/mayuzumi_X,,,2022/07/28
アルス・アルマル,766a4903-d1be-497b-b268-43ce90385426, 2025/03/04 03:28:51,Ars Almal,3/21,,, 2019/07/24 17:43 , 2019/07/28 00:00 ,https://www.youtube.com/channel/UCdpUojq0KWZCN9bxXnZwz5w,https://twitter.com/ars_almal,,,
相羽ういは,29b93869-d983-4642-853d-c324874948a8, 2025/03/04 03:29:00,Aiba Uiha,11/22,,, 2019/07/24 17:00 , 2019/07/28 00:00 ,https://www.youtube.com/@AibaUiha,https://twitter.com/AibaUiha,,,2023/12/31
天宮こころ,58e13fcf-3d3e-42b3-888e-ceca712c9ce6, 2025/03/04 03:29:02,Amamiya Kokoro,7/1,,, 2019/08/08 16:06 , 2019/08/13 00:00 ,https://www.youtube.com/channel/UCkIimWZ9gBJRamKF0rmPU8w,https://twitter.com/amamiya_kokoro,,,
エリー・コニファー,801facff-2712-4559-b7dc-55e40098a1e3, 2025/03/04 03:29:04,Eli Conifer,9/27,,, 2019/08/08 16:01 , 2019/08/13 00:00 ,https://www.youtube.com/channel/UCpNH2Zk2gw3JBjWAKSyZcQQ,https://twitter.com/Eli_Conifer,,,
ラトナ・プティ,df065134-a5ef-449f-ae5c-c47aac26d30f, 2025/03/04 03:29:05,Ratna Petit,10/14,,, 2019/08/08 16:08 , 2019/08/13 00:00 ,https://www.youtube.com/channel/UCIG9rDtgR45VCZmYnd-4DUw,https://twitter.com/ratna_petit,,,
早瀬走,a032498f-438a-4314-b9e9-bd1dbab03d09, 2025/03/04 03:29:06,Hayase Sou,3/20,,, 2019/09/19 16:00 , 2019/09/21 00:00 ,https://www.youtube.com/channel/UC2OacIzd2UxGHRGhdHl1Rhw,https://twitter.com/SouHayase,,,
健屋花那,5fc6cf4e-cb77-4929-9756-55cf8ee9f1fe, 2025/03/04 03:29:07,Sukoya Kana,5/14,,, 2019/09/19 16:00 , 2019/09/21 00:00 ,https://www.youtube.com/channel/UC8C1LLhBhf_E2IBPLSDJXlQ,https://twitter.com/sukosuko_sukoya,,,
シェリン・バーガンディ,bb84c9c0-938c-4457-b492-999c260d2ba5, 2025/03/04 03:29:09,Shellin Burgundy,1/6,,, 2019/09/19 16:04 , 2019/09/21 00:00 ,https://www.youtube.com/channel/UCHBhnG2G-qN0JrrWmMO2FTA,https://twitter.com/ShellinBurgundy,,,
フミ,26373474-3fb8-4928-8502-bdd7d6884ec2, 2025/03/04 03:29:10,Fumi,10/10,,, 2019/10/17 16:01 , 2019/10/19 00:00 ,https://www.youtube.com/channel/UCwrjITPwG4q71HzihV2C7Nw,https://twitter.com/FumiVirtual,,,
星川サラ,30d68adc-35e9-4bfc-bf5f-095037c6f0db, 2025/03/04 03:29:11,Hoshikawa Sara,8/7,,, 2019/10/17 16:00 , 2019/10/19 00:00 ,https://www.youtube.com/channel/UC9V3Y3_uzU5e-usObb6IE1w,https://twitter.com/Sara_Hoshikawa,,,
山神カルタ,7802b45c-af7f-457e-8e51-c7556f62767e, 2025/03/04 03:29:12,Yamagami Karuta,8/11,,, 2019/10/17 16:08 , 2019/10/19 00:00 ,https://www.youtube.com/channel/UCllKI7VjyANuS1RXatizfLQ,https://twitter.com/karuta_Yamagami,,,
えま★おうがすと,16b41a9e-cd42-4d3f-8ba4-f6956973bd23, 2025/03/04 03:29:14,Emma August,8/8,,, 2019/10/31 16:00 , 2019/11/03 00:00 ,https://www.youtube.com/channel/UCl1oLKcAq93p-pwKfDGhiYQ,https://twitter.com/emma_august_,,,
ルイス・キャミー,b87e3ae4-45d8-44b2-88ed-9ea20ed897e7, 2025/03/04 03:29:15,Luis Cammy,2/22,,, 2019/10/31 16:00 , 2019/11/03 00:00 ,https://www.youtube.com/channel/UCb6ObE-XGCctO3WrjRZC-cw,https://twitter.com/Luis_Cammy,,,
魔使マオ,ce30e594-117f-4c82-8ea0-1496883daed6, 2025/03/04 03:29:17,Matsukai Mao,5/31,,, 2019/10/31 16:00 , 2019/11/03 00:00 ,https://www.youtube.com/channel/UCerkculBD7YLc_vOGrF7tKg,https://twitter.com/matsukai_mao,,,
不破湊,ccd6b66a-b63f-47ba-a4d1-1a45d951f3a4, 2025/03/04 03:29:18,Fuwa Minato,4/18,,, 2019/11/28 16:01 , 2019/11/30 00:00 ,https://www.youtube.com/channel/UC6wvdADTJ88OfIbJYIpAaDA,https://twitter.com/Fuwa_Minato,,,
白雪巴,69944e92-e109-4049-b66d-eaff1edea7a0, 2025/03/04 03:29:20,Shirayuki Tomoe,2/8,,, 2019/11/28 16:03 , 2019/11/30 00:00 ,https://www.youtube.com/channel/UCuvk5PilcvDECU7dDZhQiEw,https://twitter.com/Tomoe_Shirayuki,,,
グウェル・オス・ガール,9d162f8d-d200-4370-a257-e613e3605a40, 2025/03/04 03:29:21,Gwelu Os Gar,4/22,,, 2019/11/28 16:00 , 2019/11/30 00:00 ,https://www.youtube.com/channel/UC1QgXt46-GEvtNjEC1paHnw,https://twitter.com/Gwelu_os_gar,,,
ましろ爻,e1b16eee-a5d4-42e9-bcb1-696ea6ddc988, 2025/03/04 03:29:22,Mashiro Meme,4/27,,, 2019/12/26 16:22 , 2019/12/29 00:00 ,https://www.youtube.com/channel/UCS-XXTgVkotkbkDnGEprXpg,https://twitter.com/mashiro2434,,,
奈羅花,cdbc06c3-1b8a-474d-92fe-91a1544ef6df, 2025/03/04 03:29:23,Naraka,7/10,,, 2019/12/26 16:00 , 2019/12/29 00:00 ,https://www.youtube.com/channel/UC-o-E6I3IC2q8sAoAuM6Umg,https://twitter.com/Naraka_2434,,,
来栖夏芽,eacd4033-84c6-45f2-a214-e3b481aa972b, 2025/03/04 03:29:25,Kurusu Natsume,9/7,,, 2019/12/26 16:26 , 2019/12/29 00:00 ,https://www.youtube.com/channel/UCRcLAVTbmx2-iNcXSsupdNA,https://twitter.com/kurusu72me,,,
フレン・E・ルスタリオ,a354d803-8ef8-4ca2-9e0a-b95d415112e3, 2025/03/04 03:29:26,Furen E Lustario,3/10,,, 2020/01/30 17:28 , 2020/02/01 00:00 ,https://www.youtube.com/channel/UCuep1JCrMvSxOGgGhBfJuYw,https://twitter.com/furen_2434,,,
メリッサ・キンレンカ,c65c5037-8873-467a-a489-77a15112aee3, 2025/03/03 22:46:35,Melissa Kinrenka,5/11,,, 2020/01/30 16:13 , 2020/02/01 00:00 ,https://www.youtube.com/channel/UCwcyyxn6h9ex4sMXGtpQE_g,,,,2022/05/31
イブラヒム,4faaf9be-8ff0-4f91-bb64-9d0be28ae627, 2025/03/04 03:29:29,Ibrahim,7/25,,, 2020/01/30 16:12 , 2020/02/01 00:00 ,https://www.youtube.com/channel/UCmZ1Rbthn-6Jm_qOGjYsh5A,https://twitter.com/honmono_ibrahim,,,
長尾景,dec94bb4-604d-4724-a784-ca276e1a9a33, 2025/03/04 03:29:30,Nagao Kei,7/24,,, 2020/04/02 16:01 , 2020/04/04 00:00 ,https://www.youtube.com/channel/UCXW4MqCQn-jCaxlX-nn-BYg,https://twitter.com/kei_nagao2434,,,
弦月藤士郎,5c8d9825-4ee6-41cc-8a90-d609b05fe5f7, 2025/03/04 03:29:31,Genzuki Tojiro,7/30,,, 2020/04/02 16:00 , 2020/04/04 00:00 ,https://www.youtube.com/channel/UCGw7lrT-rVZCWHfdG9Frcgg,https://twitter.com/1O46V,,,
甲斐田晴,35229009-c60d-44ee-a3c4-f9b8c5d16395, 2025/03/04 03:29:32,Kaida Haru,10/25,,, 2020/04/02 16:00 , 2020/04/04 00:00 ,https://www.youtube.com/channel/UCo2N7C-Z91waaR6lF3LL_jw,https://twitter.com/Kaida_Haru,,,
空星きらめ,194d7280-6b1f-49f0-8739-85fb80bd60f2, 2025/03/04 03:30:08,Sorahoshi Kirame,4/30,,, 2020/06/30 17:53 , 2020/07/11 00:00 ,https://www.youtube.com/channel/UC_82HBGtvwN1hcGeOGHzUBQ,https://twitter.com/kirame_2434,,,
朝日南アカネ,e9a3800f-d910-47eb-8c53-be9315841ea2, 2025/03/04 03:30:25,Asahina Akane,12/15,,, 2020/08/06 16:00 , 2020/08/10 00:00 ,https://www.youtube.com/channel/UCe_p3YEuYJb8Np0Ip9dk-FQ,https://twitter.com/Akane_Asahina__,,,2023/05/24
周央サンゴ,9fd51c11-63ca-4d72-84bf-eba0ebdaa041, 2025/03/04 03:30:28,Suo Sango,3/6,,, 2020/08/06 16:00 , 2020/08/09 00:00 ,https://www.youtube.com/channel/UCL_O_HXgLJx3Auteer0n0pA,https://twitter.com/Suo_Sango,,,
東堂コハク,106306d2-1e74-45ea-97d9-101feb3b2088, 2025/03/04 03:30:29,Todo Kohaku,9/29,,, 2020/08/06 16:01 , 2020/08/10 00:00 ,https://www.youtube.com/channel/UCebT4Aq-3XWb5je1S1FvR_A,https://twitter.com/kohaku_todo,,,
北小路ヒスイ,90c26a16-7434-43b1-8d66-33d48fd4bafb, 2025/03/04 03:30:31,Kitakoji Hisui,4/13,,, 2020/08/06 16:00 , 2020/08/09 00:00 ,https://www.youtube.com/channel/UCRqBKoKuX30ruKAq05pCeRQ,https://twitter.com/Hisui_Kitakoji,,,
西園チグサ,a9370284-0532-4786-8087-b8b223153fbb, 2025/03/04 03:30:46,Nishizono Chigusa,7/20,,, 2020/08/06 16:01 , 2020/08/10 00:00 ,https://www.youtube.com/channel/UCkngxfPbmGyGl_RIq4FA3MQ,https://twitter.com/Chigusa_24zono,,,
アクシア・クローネ,62b067d6-9798-414f-a73c-a955a5e4fa23, 2025/03/03 22:47:16,Axia Krone,10/27,,, 2021/07/19 16:00 , 2021/07/22 00:00 ,https://www.youtube.com/channel/UC8oPnditPSp5lZu45fnXWCA,,,,2022/11/30
ローレン・イロアス,9f52b6e4-ca56-44fd-ac06-e9a2a7394481, 2025/03/04 03:31:04,Lauren Iroas,9/6,,, 2021/07/19 16:14 , 2021/07/22 00:00 ,https://www.youtube.com/channel/UCgmFrRcyH7d1zR9sIVQhFow,https://twitter.com/Lauren_iroas,,,
レオス・ヴィンセント,dbca42b0-e326-4ff4-9371-ef5a3ee269f8, 2025/03/04 03:31:25,Leos Vincent,3/8,,, 2021/07/19 16:21 , 2021/07/22 00:00 ,https://www.youtube.com/channel/UC-6rZgmxZSIbq786j3RD5ow,https://twitter.com/Leos_Vincent,,,
オリバー・エバンス,8d61dfb0-658d-4e28-b340-30711647c7ab, 2025/03/04 03:31:26,Oliver Evans,2/21,,, 2021/07/19 16:00 , 2021/07/22 00:00 ,https://www.youtube.com/channel/UCqjTqdVlvIipZXIKeCkHKUA,https://twitter.com/oliverD_23,,,
レイン・パターソン,dde2b045-9585-4ec2-a5a0-b7e2ec3dfb40, 2025/03/04 03:31:28,Lain Paterson,1/13,,, 2021/07/19 16:00 , 2021/07/22 00:00 ,https://www.youtube.com/channel/UCRm6lqtdxs_Qo6HeL-SRQ-w,https://twitter.com/Lain_Paterson,,,
天ヶ瀬むゆ,9bd9090b-4cde-4a9b-a524-ec5229d4ec66, 2025/03/04 03:31:29,Amagase Muyu,9/11,,, 2022/03/16 12:27 , 2022/03/20 00:00 ,https://www.youtube.com/channel/UCAQDFeCTVdx90GtwohwjHzQ,https://twitter.com/Muyu_Amagase,,,
先斗寧,bd072c5a-387a-4423-bab6-86ce191d80c4, 2025/03/04 03:31:31,Ponto Nei,8/21,,, 2022/03/16 12:22 , 2022/03/20 00:00 ,https://www.youtube.com/channel/UCe22Bcwd_GCpTjLxn83zl7A,https://twitter.com/ponto_nei,,,
海妹四葉,55e7b8b7-da20-4026-8932-f0f2b5dc33d6, 2025/03/04 03:31:32,Umise Yotsuha,6/17,,, 2022/03/16 12:27 , 2022/03/20 00:00 ,https://www.youtube.com/channel/UCtHY-tP0dyykhTRMmnfPs_g,https://twitter.com/Yotsuha_Umise,,,
壱百満天原サロメ,51828ee1-700e-4498-81e5-08216377ddd7, 2025/03/04 03:31:33,Hyakumantenbara Salome,,秘密,, 2022/05/21 12:06 , 2022/05/24 00:00 ,https://www.youtube.com/channel/UCgIfLpQvelloDi8I0Ycbwpg,https://twitter.com/1000000lome,,,
風楽奏斗,65a16ca5-baee-46bf-a9f2-5e2c8299b00a, 2025/03/04 03:31:35,Fura Kanato,3/25,,, 2022/07/13 00:07 , 2022/07/16 00:00 ,https://www.youtube.com/channel/UCC7rRD6P7RQcx0hKv9RQP4w,https://twitter.com/KNTFR2434,,,
渡会雲雀,009872e6-d68f-47a6-bdfd-9196eb341bc0, 2025/03/04 03:31:36,Watarai Hibari,9/23,,, 2022/07/13 00:04 , 2022/07/16 00:00 ,https://www.youtube.com/channel/UC4l9gz3q65lTBFfFtW5LLeA,https://twitter.com/watarai_hibari,,,
四季凪アキラ,ba36aefa-a98d-425e-a2e2-948053afcfda, 2025/03/04 03:31:38,Shikinagi Akira,12/12,,, 2022/07/13 00:04 , 2022/07/16 00:00 ,https://www.youtube.com/channel/UCcDDxnoQcezyTUzHg5uHaKg,https://twitter.com/Shikinagi_2434,,,
セラフ・ダズルガーデン,c65f2fac-9a37-4a79-8a75-07eb17481aeb, 2025/03/04 03:31:39,Seraph Dazzlegarden,5/12,,, 2022/07/13 00:04 , 2022/07/16 00:00 ,https://www.youtube.com/channel/UC5dJFf4m-mEcoyJRfhBljoA,https://twitter.com/SerAph_DazZ,,,
タカ ラジマン,3cd8caf6-cc14-447e-8392-289dbd8ea5a2, 2025/03/04 03:31:51,Taka Radjiman,3/14,,, 2019/09/13 15:58 , 2019/09/15 00:00 ,https://www.youtube.com/channel/UCZ5dNZsqBjBzbBl0l_IdmXg,https://twitter.com/Taka_Radjiman,,,2023/05/28
ゼア コルネリア,b22dc4ef-fad6-4cad-a245-748568542efb, 2025/03/04 03:32:16,ZEA Cornelia,8/29,,, 2019/09/13 16:07 , 2019/09/15 00:00 ,https://www.youtube.com/channel/UCA3WE2WRSpoIvtnoVGq4VAw,https://twitter.com/ZEA_Cornelia,,,2023/05/14
ハナ マキア,3eb9e9a8-681b-417c-9a31-e1388256cba7, 2025/03/04 03:32:01,Hana Macchia,3/11,,, 2019/09/13 16:11 , 2019/09/15 00:00 ,https://www.youtube.com/channel/UCpJtk0myFr5WnyfsmnInP-w,https://twitter.com/Hana_Macchia,,,
ライ ガリレイ,b1eb8927-b1ec-4e65-802b-722863e2f397, 2025/03/04 03:32:06,Rai Galilei,9/21,,, 2019/12/18 21:26 , 2019/12/20 00:00 ,https://www.youtube.com/channel/UC8Snw5i4eOJXEQqURAK17hQ,https://twitter.com/Rai_Galilei,,,
アミシア ミシェラ,e4388c2e-fb22-444d-817f-dc9f191b5cca, 2025/03/04 03:32:20,Amicia Michella,12/27,,, 2019/12/18 19:27 , 2019/12/21 00:00 ,https://www.youtube.com/channel/UCrR7JxkbeLY82e8gsj_I0pQ,https://twitter.com/AmiciaMichella,,,2023/07/16
ミユ オッタフィア,dfcfe742-0d52-45b1-b143-5a4dcdcd8279, 2025/03/03 22:48:29,Miyu Ottavia,5/8,,, 2019/12/18 19:16 , 2019/12/21 00:00 ,https://www.youtube.com/channel/UCOmjciHZ8Au3iKMElKXCF_g,,,,2022/11/27
リクサ ディレンドラ,3b951c7e-23d7-413e-889c-4bf1618f6bdf, 2025/03/04 03:32:24,Riksa Dhirendra,5/1,,, 2019/12/18 22:14 , 2019/12/20 00:00 ,https://www.youtube.com/channel/UCkL9OLKjIQbKk2CztbpOCFg,https://twitter.com/RiksaDhirendra,,,2024/01/11
アズラ セシリア,0c504922-2644-4d7b-afd7-d649cfd74b00, 2025/03/04 03:32:26,Azura Cecillia,7/20,,, 2020/03/13 19:32 , 2020/03/15 00:00 ,https://www.youtube.com/channel/UCk5r533QVMgJUdWwqegH2TA,https://twitter.com/Azura_Cecillia,,,2023/08/20
ナラ ハラマウン,8067af61-82e1-45ab-9b35-5291e6d7feba, 2025/03/04 03:32:52,Nara Haramaung,7/29,,, 2020/03/13 19:40 , 2020/03/15 00:00 ,https://www.youtube.com/channel/UCoWH3sDpeXG1aXmOxveX4KA,https://twitter.com/Nara_Haramaung,,,2023/09/03
ライラ アルストロエメリア,95bcd64d-ad62-4f6c-84d7-990475a192bf, 2025/03/04 03:32:54,Layla Alstroemeria,9/26,,, 2020/03/13 19:53 , 2020/03/15 00:00 ,https://www.youtube.com/channel/UCyRkQSuhJILuGOuXk10voPg,https://twitter.com/LaylaAlstro2434,,,
エトナ クリムソン,3028f006-0187-4876-8810-17674267ffb7, 2025/03/04 03:33:05,Etna Crimson,11/10,,, 2020/08/11 10:01 , 2020/08/09 00:00 ,https://www.youtube.com/channel/UCjFu-9GHnabzSFRAYm1B9Dw,https://twitter.com/Etna_Crimson,,,
ボンニフィエール プラナジャ,6793e115-13dc-448a-a745-e400518e4b18, 2025/03/04 03:33:15,Bonnivier Pranaja,9/19,,, 2020/08/11 10:05 , 2020/08/09 00:00 ,https://www.youtube.com/channel/UCHjeZylSgXDSnor8wUnwU_g,https://twitter.com/Bonnivier_2434,,,2024/05/26
シスカ レオンタイン,6cb3603e-8ab0-47cb-a051-055367f642f1, 2025/03/04 03:33:21,Siska Leontyne,2/14,,, 2020/08/07 20:15 , 2020/08/09 00:00 ,https://www.youtube.com/channel/UC5qSx7KzdRwbsO1QmJc4d-w,https://twitter.com/SiskaLeontyne,,,2023/06/15
ナギサ アルシニア,20f1cac7-f4aa-4532-83dc-ff13d437d6de, 2025/03/04 03:33:22,Nagisa Arcinia,7/23,,, 2020/11/11 16:40 , 2020/11/14 00:00 ,https://www.youtube.com/channel/UCijNnZ-6m8g85UGaRAWuw7g,https://twitter.com/NagisaArcinia,,,
デレム カド,54a41819-0591-492f-bd28-b52b3bada744, 2025/03/04 03:33:24,Derem Kado,1/14,,, 2020/11/11 16:40 , 2020/11/14 00:00 ,https://www.youtube.com/channel/UCMzVa7B8UEdrvUGsPmSgyjA,https://twitter.com/DeremKado,,,
レザ アファンルナ,99cee10b-b33a-4903-b4d1-4764b70f54d5, 2025/03/04 03:33:27,Reza Avanluna,2/29,,, 2020/11/11 16:40 , 2020/11/14 00:00 ,https://www.youtube.com/channel/UC5yckZliCkuaEFbqzLBD7hQ,https://twitter.com/RezaAvanluna,,,2023/09/30
ヒョナ エラティオラ,2aa19839-dcb3-4c55-940a-8e46ea8d4bc9, 2025/03/04 03:33:42,Hyona Elatiora,10/24,,, 2021/07/28 18:34 , 2021/07/31 00:00 ,https://www.youtube.com/channel/UCIBj1-d71vKjRftiauF50pg,https://twitter.com/HyonaElatiora,,,2023/10/29
シア エカフィラ,bab65038-91df-42a9-9e62-d5d2165bb9c1, 2025/03/04 03:33:43,Xia Ekavira,5/27,,, 2021/07/28 18:37 , 2021/07/31 00:00 ,https://www.youtube.com/channel/UCoJ0Ct-jdas4cLPpSp06gZg,https://twitter.com/Xia_Ekavira,,,2023/11/27
ミカ メラティカ,8d3f1bb9-f59f-4927-a0a2-451fe14fa13d, 2025/03/04 03:33:47,Mika Melatika,4/1,,, 2021/07/28 18:49 , 2021/07/31 00:00 ,https://www.youtube.com/channel/UCahgMxSIQ2zIRrPKhM6Mjvg,https://twitter.com/MikaMelatika,,,2023/12/28
ウィフィ,63aa2714-a636-4822-9be2-b04d5441d2e0, 2025/03/04 03:33:49,Wiffy,11/11,,, 2020/01/23 14:42 , 2020/01/25 00:00 ,https://www.youtube.com/channel/UCzMAP-oh5-pC8j6RlCPf26w,https://twitter.com/Wiffy2434,,,2020/11/15
ユ ルリ,c001066c-76ed-424d-8be8-9307acf3f62f, 2025/03/04 03:34:01,Yu Ruri,8/27,,, 2020/01/23 14:36 , 2020/01/25 00:00 ,https://www.youtube.com/channel/UCIJ9zP6gIkT8BB4Lz4UYPhA,https://twitter.com/RuriYu2434,,,2020/07/17
シン ユヤ,1861fcb4-b84d-4a91-8406-2b0574fb9832, 2025/03/04 03:34:02,Shin Yuya,7/7,,, 2020/01/23 14:00 , 2020/01/25 00:00 ,https://www.youtube.com/channel/UCjGE11ZnF0JSR8egVAwh-3A,https://twitter.com/YuyaShin2434,,,2021/06/16
ミン スゥーハ,bbf5b067-8817-419b-9006-146177e741cd, 2025/03/04 03:34:04,Min Suha,4/3,,, 2020/01/23 15:12 , 2020/01/25 00:00 ,https://www.youtube.com/channel/UCUtKkGKef8BYMs3h-3zQm9A,https://twitter.com/SuhaMin2434,,,
ガオン ,710d4445-7619-4255-b4a6-47018697297e, 2025/03/04 03:34:05,Gaon,2/22,,, 2020/01/25 22:32 , 2020/01/28 00:00 ,https://www.youtube.com/channel/UCpRXCTyNNa-MnjhK6gisnRw,https://twitter.com/Gaon2434,,,
カエン,6ceb0e14-f969-4ddf-ab53-8e2227825c1a, 2025/03/04 03:34:07,Kaen,9/2,,, 2020/01/26 00:18 , 2020/01/28 00:00 ,https://www.youtube.com/channel/UCZgRRTDMYwHpQ7sCl0aCp2Q,https://twitter.com/KaenVtuber,,,2020/07/17
ローロー,e15cbde4-e33f-4af4-a1f1-7f77d2069eba, 2025/03/04 03:34:19,Lorou,12/6,,, 2020/01/25 22:35 , 2020/01/25 00:00 ,https://www.youtube.com/channel/UCLSzgV37Dt24T8p3-TNiSLg,https://twitter.com/LOROU_beats,,,2020/07/17
ハン チホ,69fa8643-c8c9-431b-b178-b04c5fe30d19, 2025/03/04 03:34:33,Han Chiho,2/19,,, 2020/01/25 22:41 , 2020/01/27 00:00 ,https://www.youtube.com/channel/UCJ6LH4jMNy0JN9RSThz1mMQ,https://twitter.com/HanChiho2434,,,2022/04/30
白恋,d650def5-3c80-49cc-937c-bf49a550c032, 2025/03/04 03:34:36,Hakuren,7/16,,, 2020/01/25 22:33 , 2020/01/27 00:00 ,https://www.youtube.com/channel/UC6WU2SrnG019ucm_bdY6qxQ,https://twitter.com/VtuberHakuRen,,,2020/07/17
ソ ナギ,17620c14-eb2e-4641-ad6f-d2a7f9826fe1, 2025/03/04 03:34:37,So Nagi,11/13,,, 2020/05/20 15:25 , 2020/05/22 00:00 ,https://www.youtube.com/channel/UC5ek2GWKvUKFgnKSHuuCFrw,https://twitter.com/NagiSo2434,,,
チェ アラ,d9c4e0f1-56e5-429f-ad2e-bf0df393c9d3, 2025/03/04 03:34:39,Chae Ara,9/9,,, 2020/05/20 15:12 , 2020/05/22 00:00 ,https://www.youtube.com/channel/UCmWqYB6y8gSfPONWGspuOWQ,https://twitter.com/AraChae2434,,,2022/04/30
イ シウ,9b688889-c148-4471-b282-bf30c48885e7, 2025/03/04 03:34:41,Lee Siu,12/26,,, 2020/05/20 15:20 , 2020/05/22 00:00 ,https://www.youtube.com/channel/UCSlv7Z-4q7_7NRkzJB10A5Q,https://twitter.com/SiuLee2434,,,2022/03/20
ヌン ボラ,71126895-dd40-4cb8-89e0-f0ad5c3ec79f, 2025/03/04 03:34:41,Nun Bora,1/5,,, 2020/07/31 19:10 , 2020/08/08 00:00 ,https://www.youtube.com/channel/UC1ZV7KBscK0EMoJKFu1DnDg,https://twitter.com/BoraNun2434,,,2021/11/30
明楽レイ,c7a42816-9ee7-4188-8f22-8ad08c7f4623, 2025/03/04 03:34:43,Akira Ray,5/8,,, 2020/07/31 19:10 , 2020/08/07 00:00 ,https://www.youtube.com/channel/UC7hffDQLKIEG-_zoAQkMIvg,https://twitter.com/RayAkira2434,,,
イ ロハ,516e424c-704b-4644-b288-5740dc8a8b1e, 2025/03/04 03:34:46,Lee Roha,12/12,,, 2020/07/31 19:10 , 2020/08/07 00:00 ,https://www.youtube.com/channel/UCClwIqTUn5LDpFucHyaAhHg,https://twitter.com/RohaLee2434,,,
ヤン ナリ,368659a0-ded8-4f3b-8d86-a3ec228fafa4, 2025/03/04 03:34:47,Yang Nari,1/27,,, 2020/10/09 19:31 , 2020/10/16 00:00 ,https://www.youtube.com/channel/UCCHH0nWYXFZmtDS_4tvMxHQ,https://twitter.com/NariYang2434,,,
リュ ハリ,8fe50f58-190d-471b-a4ef-3ac18c61b1cc, 2025/03/04 03:34:49,Ryu Hari,6/26,,, 2020/10/09 19:34 , 2020/10/16 00:00 ,https://www.youtube.com/channel/UClS6k3w1sPwlVFqK3-yID5A,https://twitter.com/HariRyu2434,,,
シン ギル,2a134227-b6d4-458d-8d32-10983698a6a5, 2025/03/04 03:34:49,Shin Kiru,5/30,,, 2020/10/09 19:30 , 2020/10/16 00:00 ,https://www.youtube.com/channel/UCi6nV5Z2dzFuXBzLG3P9zqQ,https://twitter.com/KiruShin2434,,,2022/03/31
オ ジユ,7244efbd-7b7b-49b2-991e-105a696e6a4f, 2025/03/04 03:34:51,Oh Jiyu,12/12,,, 2020/10/09 19:30 , 2020/10/16 00:00 ,https://www.youtube.com/channel/UCnzZmBOSrQf2wDBbnsDajVw,https://twitter.com/JiyuOh2434,,,
セフィナ,4c05ab3c-6bd1-498d-817a-9ff6cd3ad209, 2025/03/04 03:34:52,Seffyna,8/2,,, 2021/04/23 16:37 , 2021/04/30 00:00 ,https://www.youtube.com/channel/UCeGendL8CO5RkffB6IFwHow,https://twitter.com/Seffyna2434,,,
ソン ミア,9b25d59a-05d6-4725-9c2e-eb585dc16238, 2025/03/04 03:34:55,Song Mia,11/23,,, 2021/04/23 16:36 , 2021/04/30 00:00 ,https://www.youtube.com/channel/UCyqzU2nq7eGNi4kN0uHx7TA,https://twitter.com/SongMia2434,,,2022/05/01
バン ハダ,57d618c7-b834-4ebe-9dc1-63889977292c, 2025/03/04 03:34:58,Ban Hada,8/30,,, 2021/04/23 16:51 , 2021/04/30 00:00 ,https://www.youtube.com/channel/UCLjx3lqIkYkPCBJop8czJ2A,https://twitter.com/BanHada2434,,,
コ ヤミ,7ee4799a-3993-45e1-8587-292d1118b4c7, 2025/03/04 03:34:56,Ko Yami,3/3,,, 2021/08/25 20:33 , 2021/09/01 00:00 ,https://www.youtube.com/channel/UC9oudjCTHL2BfwxfDwI18eg,https://twitter.com/KoYami2434,,,2022/02/20
ハ ユン,a6a480e1-5fa1-4315-8d70-919ceaddf474, 2025/03/04 03:34:58,Ha Yun,7/12,,, 2021/08/25 20:58 , 2021/09/01 00:00 ,https://www.youtube.com/channel/UCrhhJPNsOqzNIkUfTABoSpg,https://twitter.com/HaYun2434,,,
ナ セラ,974e5854-c543-4809-8a62-4d42187d029f, 2025/03/04 03:35:00,Na Sera,11/3,,, 2021/08/25 20:50 , 2021/09/01 00:00 ,https://www.youtube.com/channel/UCX88Pe54pxbJDSGIyGrzNdg,https://twitter.com/NaSera2434,,,
イ オン,82b1c4de-0d2e-4892-acaf-842ca9d4cc7d, 2025/03/04 03:42:19,Lee On,11/14,,, 2021/08/25 20:33 , 2021/09/01 00:00 ,https://www.youtube.com/channel/UCCJcCWrbQzz6eDhX4M1CUwg,https://twitter.com/LeeOn2434,,,2022/03/30
小清水透,2333619c-c6e9-4592-91d0-ba641e5d4821, 2025/03/04 03:42:21,Koshimizu Toru,6/3,,, 2023/01/16 12:30 , 2023/01/19 00:00 ,https://www.youtube.com/channel/UCUP8TmlO7NNra88AMqGU_vQ,https://twitter.com/toru_2434,,,
獅子堂あかり,cfdaa3e4-917a-4bf9-95fe-14b81fc88baf, 2025/03/04 03:35:04,Shishido Akari,7/31,,, 2023/01/16 12:40 , 2023/01/20 00:00 ,https://www.youtube.com/channel/UCWRPqA0ehhWV4Hnp27PJCkQ,https://twitter.com/44do_akari,,,
鏑木ろこ,a419b426-300d-4357-a277-3f49b2b1632a, 2025/03/04 03:35:06,Kaburaki Roco,7/18,,, 2023/01/16 12:11 , 2023/01/20 00:00 ,https://www.youtube.com/channel/UClrQ7xhRBxS_v_-WuudGKmA,https://twitter.com/65_kaburaki,,,
五十嵐梨花,0df0b7df-f95e-41c0-97ca-da2c098671e5, 2025/03/04 03:35:07,Igarashi Rika,4/14,,, 2023/01/16 14:02 , 2023/01/19 00:00 ,https://www.youtube.com/channel/UCu-rV2gPtJ-CsGxe71z_BrQ,https://twitter.com/1garashi_Rika,,,
石神のぞみ,5f0a6109-20af-463e-a0d5-9433501c5f79, 2025/03/04 03:35:08,Ishigami Nozomi,10/29,,, 2023/01/16 12:35 , 2023/01/19 00:00 ,https://www.youtube.com/channel/UCtLfA_qUqCJtjXJM2ZR_keg,https://twitter.com/I_Nozomi_,,,
ソフィア・ヴァレンタイン,e746a721-e68b-4036-a838-6de5c09e97d8, 2025/03/04 03:35:10,Sophia Valentine,2/14,,, 2023/01/16 14:14 , 2023/01/19 00:00 ,https://www.youtube.com/channel/UCivwPlOp0ojnMPZj5pNOPPA,https://twitter.com/SophiaV214,,,
倉持めると,3bc60159-7e4d-4c70-933a-01e380810bb6, 2025/03/04 03:35:11,Kuramochi Meruto,5/19,,, 2023/01/16 13:00 , 2023/01/20 00:00 ,https://www.youtube.com/channel/UCiA-trSZfB0i92V_-dyDqBw,https://twitter.com/k_meruto,,,
佐伯イッテツ,44469ec3-7d01-45d7-8f12-cd59c1f5c339, 2025/03/04 03:35:12,Saiki Ittetsu,12/1,,, 2023/03/30 12:08 , 2023/04/02 00:00 ,https://www.youtube.com/@SaikiIttetsu,https://twitter.com/Saiki_Supadari,,,
赤城ウェン,5774b5f5-6745-496d-8f25-1b30778110e5, 2025/03/04 03:35:14,Akagi Wen,12/6,,, 2023/03/30 12:08 , 2023/04/02 00:00 ,https://www.youtube.com/@AkagiWen,https://twitter.com/akagi_wen,,,
宇佐美リト,765ab287-91e4-42f5-a90f-0a1c780c04ce, 2025/03/04 03:35:17,Usami Rito,8/17,,, 2023/03/30 12:08 , 2023/04/02 00:00 ,https://www.youtube.com/@UsamiRito,https://twitter.com/usamirito_power,,,
緋八マナ,04255d81-3158-444d-ac8c-9b48e25ff9a4, 2025/03/04 03:35:17,Hibachi Mana,6/29,,, 2023/03/30 12:08 , 2023/04/02 00:00 ,https://www.youtube.com/@HibachiMana,https://twitter.com/Hibachi_Mana,,,
星導ショウ,f1994c72-56ef-4d7b-b448-6d3f04f93106, 2025/03/04 03:35:18,Hoshirube Sho,9/10,,, 2023/04/26 12:04 , 2023/04/29 00:00 ,https://www.youtube.com/@HoshirubeSho,https://twitter.com/Show_SylveSTAR,,,
叢雲カゲツ,2bc0947d-09b9-4b04-a78e-d26a061d1f7d, 2025/03/04 03:35:19,Murakumo Kagetsu,2/26,,, 2023/04/26 12:10 , 2023/04/29 00:00 ,https://www.youtube.com/@MurakumoKagetsu,https://twitter.com/Kagetsu_2434,,,
小柳ロウ,2348d7f0-7343-4c7d-9a9f-fb32a445b0ce, 2025/03/04 03:35:20,Koyanagi Rou,11/25,,, 2023/04/26 12:05 , 2023/04/29 00:00 ,https://www.youtube.com/@KoyanagiRou,https://twitter.com/Rou_2434,,,
伊波ライ,d6329697-a011-46ba-ac50-8920f7e5177e, 2025/03/04 03:35:23,Inami Rai,10/23,,, 2023/04/26 12:04 , 2023/04/29 00:00 ,https://www.youtube.com/@InamiRai,https://twitter.com/rai_173,,,
立伝都々,17b70528-0fcb-4ee3-839f-98fb6cbe40f6, 2025/03/04 03:35:23,Tachitsute Toto,4/20,,, 2023/11/21 12:02 , 2023/11/24 00:00 ,https://www.youtube.com/@TachitsuteToto,https://twitter.com/tctt10_10,,,
栞葉るり,badf7f8f-1451-4204-b353-3f1f8786bd7d, 2025/03/04 03:35:26,Shioriha Ruri,9/20,,, 2023/11/21 12:02 , 2023/11/24 00:00 ,https://www.youtube.com/@ShiorihaRuri,https://twitter.com/Ruri_4ori8,,,
ミラン・ケストレル,237a0636-6f2f-43a1-a756-db2055afb87f, 2025/03/04 03:35:27,Milan Kestrel,6/13,,, 2023/11/21 12:03 , 2023/11/24 00:00 ,https://www.youtube.com/@MilanKestrel,https://twitter.com/Milan_Kestrel,,,
北見遊征,5ff75948-67c6-4e79-9815-a328972ed18a, 2025/03/04 03:35:29,Kitami Yusei,8/4,,, 2024/03/12 18:10 , 2024/03/15 00:00 ,https://www.youtube.com/@KitamiYusei,https://twitter.com/Kitami_Coolguy,,,
魁星,ffa40cec-bab1-4c68-a28e-fc0c09170dd3, 2025/03/04 03:35:31,Kaisei,6/9,,, 2024/03/12 18:10 , 2024/03/15 00:00 ,https://www.youtube.com/@Kaisei_nijisanji,https://twitter.com/Kaisei_2434,,,
榊ネス,bc552b3c-064e-4f94-aee4-94e85da2fefb, 2025/03/04 03:35:32,Sakaki Ness,11/1,,, 2024/03/12 18:10 , 2024/03/15 00:00 ,https://www.youtube.com/@SakakiNess,https://twitter.com/Ness_Sakaki,,,
司賀りこ,7dd49670-153d-430e-8acc-746add5babea, 2025/03/04 03:35:36,Shiga Riko,1/19,,, 2024/06/19 18:05 , 2024/06/22 00:00 ,https://www.youtube.com/@ShigaRiko,https://twitter.com/Shigariko_,,,
珠乃井ナナ,3b603783-e660-4103-aadc-92513a00d47a, 2025/03/04 03:35:38,Tamanoi Nana,4/24,,, 2024/06/19 18:05 , 2024/06/22 00:00 ,https://www.youtube.com/@TamanoiNana,https://twitter.com/7_tamanoi,,,
綺沙良,d1cdbf45-a526-4331-80de-f7faac68fd21, 2025/03/04 03:35:40,Kisara,5/29,,, 2024/06/19 18:05 , 2024/06/22 00:00 ,https://www.youtube.com/@Kisara_nijisanji,https://twitter.com/Kisara_2434,,,
梢桃音,181ae2e9-48e1-4094-a4eb-983026737605, 2025/03/04 03:35:41,Kozue Mone,3/28,,, 2024/06/19 18:05 , 2024/06/22 00:00 ,https://www.youtube.com/@KozueMone,https://twitter.com/KozueMone,,,
ルンルン,14ef2e60-6b18-44ed-a49f-22f4e68978f4, 2025/03/04 03:35:42,Lunlun,10/8,,, 2024/06/19 18:05 , 2024/06/22 00:00 ,https://www.youtube.com/@Lunlun_nijisanji,https://twitter.com/mo_lunlun_gu,,,
七瀬すず菜,b447c46b-0b76-4674-915d-71f3a0ef4c7c, 2025/03/04 03:35:46,Nanase Suzuna,1/8,,, 2024/08/13 18:06 , 2024/08/16 00:00 ,https://www.youtube.com/@NanaseSuzuna,https://twitter.com/Suzuna_Nanase,,,
早乙女ベリー,5af17888-1510-4deb-ae3d-1660fee1af22, 2025/03/04 03:35:46,Saotome Berry,3/29,,, 2024/08/13 18:05 , 2024/08/16 00:00 ,https://www.youtube.com/@Saotomeberry,https://twitter.com/Saotome_Berry,,,
雲母たまこ,e336608d-92e0-4c39-a5be-56b49ebfcb2a, 2025/03/04 03:35:49,Kirara Tamako,5/22,,, 2024/08/13 18:06 , 2024/08/16 00:00 ,https://www.youtube.com/@KiraraTamako,https://twitter.com/kirara_tamako,,,
酒寄颯馬,cfba96fd-7029-4908-b19e-7f8e8c413f56, 2025/03/04 03:35:51,Sakayori Soma,12/21,,, 2024/08/13 18:06 , 2024/08/16 00:00 ,https://www.youtube.com/@SakayoriSoma,https://twitter.com/sakayori_soma,,,
渚トラウト,61506f7d-a432-49d4-a978-f5ae2e7a5b41, 2025/03/04 03:35:53,Nagisa Trout,7/15,,, 2024/08/13 18:05 , 2024/08/16 00:00 ,https://www.youtube.com/@NagisaTrout,https://twitter.com/Tr0uT_2434,,,
エリーラ ペンドラ,e9e82331-429f-495d-a79e-2d0773389d61, 2025/03/04 03:35:54,Elira Pendora,10/16,,, 2021/05/12 22:10 , 2021/05/16 00:00 ,https://www.youtube.com/channel/UCIeSUTOTkF9Hs7q3SGcO-Ow,https://twitter.com/EliraPendora,,,
ぽむ れいんぱふ,2d6ca8b6-e059-4505-ae19-adeb70d4de8d, 2025/03/04 03:36:13,Pomu Rainpuff,7/12,,, 2021/05/12 22:09 , 2021/05/16 00:00 ,https://www.youtube.com/channel/UCP4nMSTdwU1KqYWu3UH5DHQ,https://twitter.com/PomuRainpuff,,,2024/01/20
フィナーナ 竜宮,0b86eb86-b108-4495-a1b4-0acf5d3df80f, 2025/03/04 03:36:22,Finana Ryugu,6/21,,, 2021/05/12 22:10 , 2021/05/16 00:00 ,https://www.youtube.com/channel/UCu-J8uIXuLZh16gG-cT1naw,https://twitter.com/FinanaRyugu,,,
ロゼミ ラブロック,47810a28-6cd7-468c-8a9e-16f795994f55, 2025/03/04 03:36:24,Rosemi Lovelock,9/16,,, 2021/07/14 11:01 , 2021/07/18 00:00 ,https://www.youtube.com/channel/UC4WvIIAo89_AzGUh1AZ6Dkg,https://twitter.com/Rosemi_Lovelock,,,
ペトラ グリン,d178cf64-339d-4bde-a620-c32a3ef7c168, 2025/03/04 03:36:26,Petra Gurin,12/4,,, 2021/07/14 11:01 , 2021/07/18 00:00 ,https://www.youtube.com/channel/UCgA2jKRkqpY_8eysPUs8sjw,https://twitter.com/Petra_Gurin,,,
エナー・アールウェット,914e153f-b588-4ea4-8644-a84d631268bc, 2025/03/04 03:36:26,Enna Alouette,2/20,,, 2021/10/06 11:02 , 2021/10/09 00:00 ,https://www.youtube.com/channel/UCR6qhsLpn62WVxCBK1dkLow,https://twitter.com/EnnaAlouette,,,
狐坂ニナ,9d539d56-ea04-46bd-9afd-6b422ef9e04c, 2025/03/04 03:36:32,Nina Kosaka,11/22,,, 2021/10/06 11:00 , 2021/10/09 00:00 ,https://www.youtube.com/channel/UCkieJGn3pgJikVW8gmMXE2w,https://twitter.com/NinaKosaka,,,2023/07/08
遠藤霊夢,50b97efe-da5c-4d24-8892-b0aace036724, 2025/03/04 03:36:33,Reimu Endou,11/2,,, 2021/10/06 11:00 , 2021/10/09 00:00 ,https://www.youtube.com/channel/UCBURM8S4LH7cRZ0Clea9RDA,https://twitter.com/ReimuEndou,,,
ミリー・パフェ,48f0c650-4c3d-4ca2-97d8-c5a3aceb85a5, 2025/03/04 03:37:18,Millie Parfait,12/12,,, 2021/10/06 11:01 , 2021/10/09 00:00 ,https://www.youtube.com/channel/UC47rNmkDcNgbOcM-2BwzJTQ,https://twitter.com/MillieParfait,,,
アイク・イーヴランド,ef7d9049-8a64-451a-9b7f-32ba7e941a4f, 2025/03/04 03:37:19,Ike Eveland,6/12,,, 2021/12/17 09:01 , 2021/12/20 00:00 ,https://www.youtube.com/channel/UC4yNIKGvy-YUrwYupVdLDXA,https://twitter.com/Ike_Eveland,,,
ミスタ・リアス,05d18505-2ea5-438c-93d7-7520375dfb67, 2025/03/04 03:37:21,Mysta Rias,1/20,,, 2021/12/17 09:00 , 2021/12/20 00:00 ,https://www.youtube.com/channel/UCIM92Ok_spNKLVB5TsgwseQ,https://twitter.com/Mysta_Rias,,,2023/08/27
ヴォックス・アクマ,45633a5c-3af3-4558-b6c5-936f6849d2c1, 2025/03/04 03:37:23,Vox Akuma,4/25,,, 2021/12/17 09:09 , 2021/12/20 00:00 ,https://www.youtube.com/channel/UCckdfYDGrjojJM28n5SHYrA,https://twitter.com/Vox_Akuma,,,
ルカ・カネシロ,25c46543-888d-469c-9953-22c32183da72, 2025/03/04 03:37:23,Luca Kaneshiro,4/10,,, 2021/12/17 09:10 , 2021/12/20 00:00 ,https://www.youtube.com/channel/UC7Gb7Uawe20QyFibhLl1lzA,https://twitter.com/Luca_Kaneshiro,,,
闇ノシュウ,541262b5-2b94-4e6a-8bfb-783dfa148a75, 2025/03/04 03:37:24,Shu Yamino,5/2,,, 2021/12/17 09:01 , 2021/12/20 00:00 ,https://www.youtube.com/channel/UCG0rzBZV_QMP4MtWg6IjhEA,https://twitter.com/Shu_Yamino,,,
アルバーン・ノックス,2afcf5a9-8159-4de0-a0e8-b195f2a4d384, 2025/03/04 03:37:26,Alban Knox,5/26,,, 2022/02/22 11:03 , 2022/02/27 00:00 ,https://www.youtube.com/channel/UCQ1zGxHrfEmmW4CPpBx9-qw,https://twitter.com/alban_knox,,,
遊間ユーゴ,2b1754be-6dd9-42c9-9e3d-33ca6848ff11, 2025/03/04 03:37:27,Yugo Asuma,6/4,,, 2022/02/22 11:03 , 2022/02/27 00:00 ,https://www.youtube.com/channel/UCSc_KzY_9WYAx9LghggjVRA,https://twitter.com/Yugo_Asuma,,,2022/12/14
ファルガー・オーヴィド,d608cb31-e3df-4547-be28-6117c4c73d19, 2025/03/04 03:37:28,Fulgur Ovid,3/26,,, 2022/02/22 11:04 , 2022/02/27 00:00 ,https://www.youtube.com/channel/UCGhqxhovNfaPBpxfCruy9EA,https://twitter.com/fulgur_ovid,,,
サニー・ブリスコー,4814a122-59a4-4598-9678-8133d7bdf151, 2025/03/04 03:37:29,Sonny Brisko,4/6,,, 2022/02/22 11:03 , 2022/02/27 00:00 ,https://www.youtube.com/channel/UCuuAb_72QzK0M1USPMEl1yw,https://twitter.com/sonny_brisko,,,
浮奇・ヴィオレタ,42a7d3de-5fad-4bf4-94ec-e883fc42bba4, 2025/03/04 03:37:30,Uki Violeta,7/17,,, 2022/02/22 11:00 , 2022/02/27 00:00 ,https://www.youtube.com/channel/UChJ5FTsHOu72_5OVx0rvsvQ,https://twitter.com/uki_violeta,,,
金子 鏡,257ec755-9fdf-4018-9d2c-df889a0c8909, 2025/03/04 03:39:07,Kyo Kaneko,12/29,,, 2022/07/20 09:00 , 2022/07/25 00:00 ,https://www.youtube.com/channel/UCsb-1aJgiJXJH2feV-zlZRw,https://twitter.com/KyoKanek0,,,2024/02/17
マリア マリオネット,92cef3c4-4d64-4aa8-8a21-f15f60dba357, 2025/03/04 03:39:09,Maria Marionette,12/7,,, 2022/07/20 09:00 , 2022/07/25 00:00 ,https://www.youtube.com/channel/UCwaS8_S7kMiKA3izlTWHbQg,https://twitter.com/MariaMari0nette,,,
アスター アルカディア,0362bbaa-103f-4917-ab05-700645553923, 2025/03/04 03:39:09,Aster Arcadia,9/25,,, 2022/07/20 09:00 , 2022/07/25 00:00 ,https://www.youtube.com/channel/UCpzxZW5kghGnO5TmAFJQAVw,https://twitter.com/AsterArcadia,,,
アイア アマレ,718cbd47-2344-4ac6-9ec2-36e93b9f50f9, 2025/03/04 03:39:10,Aia Amare,5/27,,, 2022/07/20 09:00 , 2022/07/25 00:00 ,https://www.youtube.com/channel/UCN68LoM3khS4gdBMiWJO8WA,https://twitter.com/AiaAmare,,,
レン ゾット,55df123d-084e-40c7-8f2f-41d042a7b8ef, 2025/03/04 03:39:27,Ren Zotto,3/25,,, 2022/07/20 09:00 , 2022/07/25 00:00 ,https://www.youtube.com/channel/UCKu59gTZ_rdEmerdx5rV4Yg,https://twitter.com/RenZott0,,,
スカーレ ヨナグニ,fc791380-3523-4947-8b78-8405782c850a, 2025/03/04 03:39:28,Scarle Yonaguni,2/19,,, 2022/07/20 09:00 , 2022/07/25 00:00 ,https://www.youtube.com/channel/UCFgXWZOUZA2oYHNr6qDmsTQ,https://twitter.com/ScarleYonaguni,,,
ドッピオ ドロップサイト,0df861e1-9298-4282-a59e-ebc6a6592c29, 2025/03/04 03:39:29,Doppio Dropscythe,1/31,,, 2022/12/06 09:03 , 2022/12/10 00:00 ,https://www.youtube.com/@DoppioDropscythe,https://twitter.com/D_Dropscythe,,,
ヘックス へイワイヤー,98b2b6d6-7d65-4b0b-8013-6fa6ff6e56b4, 2025/03/04 03:39:31,Hex Haywire,5/7,,, 2022/12/06 09:05 , 2022/12/10 00:00 ,https://www.youtube.com/channel/UCz_ZRw6ak4Foy8zZy0kEprQ,https://twitter.com/HexHaywire,,,2024/08/23
狂蘭 メロコ,ea06f83b-b560-454d-b51e-4705831000ed, 2025/03/04 03:39:32,Meloco Kyoran,10/29,,, 2022/12/06 09:09 , 2022/12/10 00:00 ,https://www.youtube.com/@MelocoKyoran,https://twitter.com/MelocoKyoran,,,
ヴェール ヴァーミリオン,163ccc22-b963-4f07-b0de-dff273df7d5d, 2025/03/04 03:39:33,Ver Vermillion,8/25,,, 2022/12/06 09:01 , 2022/12/10 00:00 ,https://www.youtube.com/@VerVermillion,https://twitter.com/Ver_Vermillion,,,
虎姫 コトカ,c46fa9d9-3d4c-49b5-9be5-391c3bfec443, 2025/03/04 03:39:34,Kotoka Torahime,8/14,,, 2022/12/06 09:03 , 2022/12/10 00:00 ,https://www.youtube.com/@KotokaTorahime,https://twitter.com/KotokaTorahime,,,
ユウ Q ウィルソン,60d5725a-fa97-461f-b6f5-5b1cd3277585, 2025/03/04 03:39:45,Yu Q. Wilson,9/4,,, 2023/06/22 09:03 , 2023/06/25 00:00 ,https://www.youtube.com/@YuQ.Wilson,https://twitter.com/YuQWilson,,,
ベンタクロウ ブリンガー,eec093ec-ea39-49d7-a962-e5d914b1daea, 2025/03/04 03:39:46,Vantacrow Bringer,2/6,,, 2023/06/22 09:13 , 2023/06/25 00:00 ,https://www.youtube.com/@VantacrowBringer,https://twitter.com/Tyrant_Vanta,,,
ヴェザリウス バンデージ,e0bd65cd-4a09-4d56-9612-f71a218311f2, 2025/03/04 03:39:48,Vezalius Bandage,11/17,,, 2023/06/22 09:02 , 2023/06/25 00:00 ,https://www.youtube.com/@VezaliusBandage,https://twitter.com/VezaliusBandage,,,
クロード クローマーク,250ba23b-48ac-4ef8-81b5-e8651a9616aa, 2025/03/04 03:44:05,Claude Clawmark,1/22,,, 2023/10/26 09:02 , 2023/10/28 00:00 ,https://www.youtube.com/@ClaudeClawmark,https://twitter.com/ClaudeClawmark,,,
ヴィクトリア ブライトシールド,c7e4d443-e14e-4945-a253-11f08e66154e, 2025/03/04 03:44:06,Victoria Brightshield,3/18,,, 2023/10/26 09:02 , 2023/10/28 00:00 ,https://www.youtube.com/@VictoriaBrightshield,https://twitter.com/VBrightshield,,,2024/11/09
中里 苦無,a94b0012-27ae-4fa3-8aba-1c49ddd60bb2, 2025/03/04 03:44:07,Kunai Nakasato,7/9,,, 2023/10/26 09:03 , 2023/10/28 00:00 ,https://www.youtube.com/@KunaiNakasato,https://twitter.com/KunaiNakasato,,,2024/09/21
凉舞 バレンウォート,9c7610a8-e209-44be-80fa-9f87abbc9543, 2025/03/04 03:44:08,Ryoma Barrenwort,9/13,,, 2024/05/21 09:03 , 2023/05/25 00:00 ,https://www.youtube.com/@RyomaBarrenwort,https://twitter.com/RyomaBarrenwort,,,
トゥイスティー アマノザコ,99e10480-715b-4eb7-8117-8605705ad39b, 2025/03/04 03:44:10,Twisty Amanozako,1/10,,, 2024/05/21 09:03 , 2023/05/25 00:00 ,https://www.youtube.com/@TwistyAmanozako,https://twitter.com/TwistyAmanozako,,,
クララ チャームウッド,4237b78c-4f46-48f7-83c2-dc360022e875, 2025/03/04 03:44:12,Klara Charmwood,11/20,,, 2024/05/21 09:03 , 2023/05/25 00:00 ,https://www.youtube.com/@KlaraCharmwood,https://twitter.com/KlaraCharmwood,,,
アディア,318b71a9-81f3-4dc1-b87f-8c8509a19a1a, 2025/03/04 03:44:11,Aadya,10/31,,, 2020/01/23 18:29 , 2020/01/25 00:00 ,https://www.youtube.com/channel/UC_aB_-PHLFHiP61djM0oOiQ,https://twitter.com/Aadya_VTuber,,,2021/04/30
ビハン,16ab7bd0-b198-4850-ad69-cac64944b754, 2025/03/04 03:44:32,Vihaan,3/21,,, 2020/01/23 18:35 , 2020/01/25 00:00 ,https://www.youtube.com/channel/UC0lik9pHju6ONgkBh7N5wHw,https://twitter.com/Vihaan_VTuber,,,2021/04/30
ヌール,32650887-8e6c-4cc0-ae19-37501fa9f254, 2025/03/04 03:44:34,Noor,4/24,,, 2020/01/23 18:30 , 2020/01/25 00:00 ,https://www.youtube.com/channel/UC6oW4FXETgEGOFTxWmI2h5Q,https://twitter.com/Noor_VTuber,,,2021/04/30